{
  "project_info": {
    "project_number": "1049271981092",
    "firebase_url": "https://littledropsofrain-72ae8.firebaseio.com",
    "project_id": "littledropsofrain-72ae8",
    "storage_bucket": "littledropsofrain-72ae8.appspot.com"
  },
  "client": [
    {
      "client_info": {
        "mobilesdk_app_id": "1:1049271981092:android:c4ed49388cf711f00634b1",
        "android_client_info": {
          "package_name": "io.github.diegoflassa.littledropsofrain"
        }
      },
      "oauth_client": [
        {
          "client_id": "1049271981092-uf3qr2rdveki05jiivvdbn55d0lms80t.apps.googleusercontent.com",
          "client_type": 1,
          "android_info": {
            "package_name": "io.github.diegoflassa.littledropsofrain",
            "certificate_hash": "1bf566c589d002ce4062baa5dd1cfcc95e8aa573"
          }
        },
        {
          "client_id": "1049271981092-5visumt4lm9j5d6vopsna6hpk0etigs1.apps.googleusercontent.com",
          "client_type": 3
        }
      ],
      "api_key": [
        {
          "current_key": "AIzaSyBo4e2qo8m4Zt_K4FL4iugs4KBj0FUYUrQ"
        }
      ],
      "services": {
        "appinvite_service": {
          "other_platform_oauth_client": [
            {
              "client_id": "1049271981092-5visumt4lm9j5d6vopsna6hpk0etigs1.apps.googleusercontent.com",
              "client_type": 3
            }
          ]
        }
      }
    }
  ],
  "configuration_version": "1"
}